mix_title,mix_url,part,position,timestamp,artist,title,raw
2022-07-25 - Fadi Mohem - RA Podcast (RA.842),https://www.mixesdb.com/w/2022-07-25_-_Fadi_Mohem_-_RA_Podcast_(RA.842),,1,,Aya,If [Redacted] Thinks He's Having This As A Remix He Can Frankly Do One Israel Vines (Keeping),Aya - If [Redacted] Thinks He's Having This As A Remix He Can Frankly Do One Israel Vines (Keeping)
2022-07-25 - Fadi Mohem - RA Podcast (RA.842),https://www.mixesdb.com/w/2022-07-25_-_Fadi_Mohem_-_RA_Podcast_(RA.842),,2,,Christian Wünsch,White Coats (Function Mix),Christian Wünsch - White Coats (Function Mix)
2022-07-25 - Fadi Mohem - RA Podcast (RA.842),https://www.mixesdb.com/w/2022-07-25_-_Fadi_Mohem_-_RA_Podcast_(RA.842),,3,,Kaiser,Composure,Kaiser - Composure
2022-07-25 - Fadi Mohem - RA Podcast (RA.842),https://www.mixesdb.com/w/2022-07-25_-_Fadi_Mohem_-_RA_Podcast_(RA.842),,4,,Forum,Backstab,Forum - Backstab
2022-07-25 - Fadi Mohem - RA Podcast (RA.842),https://www.mixesdb.com/w/2022-07-25_-_Fadi_Mohem_-_RA_Podcast_(RA.842),,5,,Ben Klock & Fadi Mohem,Prefix,Ben Klock & Fadi Mohem - Prefix
2022-07-25 - Fadi Mohem - RA Podcast (RA.842),https://www.mixesdb.com/w/2022-07-25_-_Fadi_Mohem_-_RA_Podcast_(RA.842),,6,,Benales,Morphia,Benales - Morphia
2022-07-25 - Fadi Mohem - RA Podcast (RA.842),https://www.mixesdb.com/w/2022-07-25_-_Fadi_Mohem_-_RA_Podcast_(RA.842),,7,,Luap & Iglo,Blurred Fusion,Luap & Iglo - Blurred Fusion
2022-07-25 - Fadi Mohem - RA Podcast (RA.842),https://www.mixesdb.com/w/2022-07-25_-_Fadi_Mohem_-_RA_Podcast_(RA.842),,8,,Pascual & Psyk,Descent,Pascual & Psyk - Descent
2022-07-25 - Fadi Mohem - RA Podcast (RA.842),https://www.mixesdb.com/w/2022-07-25_-_Fadi_Mohem_-_RA_Podcast_(RA.842),,9,,Stephen Brown,Byte 2,Stephen Brown - Byte 2
2022-07-25 - Fadi Mohem - RA Podcast (RA.842),https://www.mixesdb.com/w/2022-07-25_-_Fadi_Mohem_-_RA_Podcast_(RA.842),,10,,Heiko Laux,Re-Televised,Heiko Laux - Re-Televised
2022-07-25 - Fadi Mohem - RA Podcast (RA.842),https://www.mixesdb.com/w/2022-07-25_-_Fadi_Mohem_-_RA_Podcast_(RA.842),,11,,Alberto Tolo,Before This Shit,Alberto Tolo - Before This Shit
2022-07-25 - Fadi Mohem - RA Podcast (RA.842),https://www.mixesdb.com/w/2022-07-25_-_Fadi_Mohem_-_RA_Podcast_(RA.842),,12,,Surgeon,Magneze,Surgeon - Magneze
2022-07-25 - Fadi Mohem - RA Podcast (RA.842),https://www.mixesdb.com/w/2022-07-25_-_Fadi_Mohem_-_RA_Podcast_(RA.842),,13,,Diego Amura,Femmena Part.4,Diego Amura - Femmena Part.4
2022-07-25 - Fadi Mohem - RA Podcast (RA.842),https://www.mixesdb.com/w/2022-07-25_-_Fadi_Mohem_-_RA_Podcast_(RA.842),,14,,Deano,The Oldowan V2,Deano - The Oldowan V2
2022-07-25 - Fadi Mohem - RA Podcast (RA.842),https://www.mixesdb.com/w/2022-07-25_-_Fadi_Mohem_-_RA_Podcast_(RA.842),,15,,Reeko,Behind You,Reeko - Behind You
2022-07-25 - Fadi Mohem - RA Podcast (RA.842),https://www.mixesdb.com/w/2022-07-25_-_Fadi_Mohem_-_RA_Podcast_(RA.842),,16,,V.C.P.,Area,V.C.P. - Area
2022-07-25 - Fadi Mohem - RA Podcast (RA.842),https://www.mixesdb.com/w/2022-07-25_-_Fadi_Mohem_-_RA_Podcast_(RA.842),,17,,DJ Deeon,Work This Dick,DJ Deeon - Work This Dick
2022-07-25 - Fadi Mohem - RA Podcast (RA.842),https://www.mixesdb.com/w/2022-07-25_-_Fadi_Mohem_-_RA_Podcast_(RA.842),,18,,Sebastian Kramer,Rafting,Sebastian Kramer - Rafting
2022-07-25 - Fadi Mohem - RA Podcast (RA.842),https://www.mixesdb.com/w/2022-07-25_-_Fadi_Mohem_-_RA_Podcast_(RA.842),,19,,Juan Sanchez,Double Standards,Juan Sanchez - Double Standards
2022-07-25 - Fadi Mohem - RA Podcast (RA.842),https://www.mixesdb.com/w/2022-07-25_-_Fadi_Mohem_-_RA_Podcast_(RA.842),,20,,Vice,Blaze It Up,Vice - Blaze It Up
2022-07-25 - Fadi Mohem - RA Podcast (RA.842),https://www.mixesdb.com/w/2022-07-25_-_Fadi_Mohem_-_RA_Podcast_(RA.842),,21,,Truncate,Work This Track,Truncate - Work This Track
2022-07-25 - Fadi Mohem - RA Podcast (RA.842),https://www.mixesdb.com/w/2022-07-25_-_Fadi_Mohem_-_RA_Podcast_(RA.842),,22,,DJ Deeon,Sex,DJ Deeon - Sex
2022-07-25 - Fadi Mohem - RA Podcast (RA.842),https://www.mixesdb.com/w/2022-07-25_-_Fadi_Mohem_-_RA_Podcast_(RA.842),,23,,Four Lovers,#1A,Four Lovers - #1A
2022-07-25 - Fadi Mohem - RA Podcast (RA.842),https://www.mixesdb.com/w/2022-07-25_-_Fadi_Mohem_-_RA_Podcast_(RA.842),,24,,Octave One,Daystar Rising,Octave One - Daystar Rising
2022-07-25 - Fadi Mohem - RA Podcast (RA.842),https://www.mixesdb.com/w/2022-07-25_-_Fadi_Mohem_-_RA_Podcast_(RA.842),,25,,Petar Dundov,Oasis (Substance & Vainqueur Remix),Petar Dundov - Oasis (Substance & Vainqueur Remix)
2022-07-25 - Fadi Mohem - RA Podcast (RA.842),https://www.mixesdb.com/w/2022-07-25_-_Fadi_Mohem_-_RA_Podcast_(RA.842),,26,,Jerome,Then & Today,Jerome - Then & Today
"2024-04-05 - Fadi Mohem @ 30 Years Time Warp, Mannheim, Germany","https://www.mixesdb.com/w/2024-04-05_-_Fadi_Mohem_@_30_Years_Time_Warp,_Mannheim,_Germany",,1,00,Vangelis,Blade Runner Blues (Blade Runner OST) [Eastwest],Vangelis - Blade Runner Blues (Blade Runner OST) [Eastwest]
"2024-04-05 - Fadi Mohem @ 30 Years Time Warp, Mannheim, Germany","https://www.mixesdb.com/w/2024-04-05_-_Fadi_Mohem_@_30_Years_Time_Warp,_Mannheim,_Germany",,2,05,Monolake,Gobi,Monolake - Gobi
"2024-04-05 - Fadi Mohem @ 30 Years Time Warp, Mannheim, Germany","https://www.mixesdb.com/w/2024-04-05_-_Fadi_Mohem_@_30_Years_Time_Warp,_Mannheim,_Germany",,3,14,Rhythm & Sound,Roll Off / B,Rhythm & Sound - Roll Off / B
"2024-04-05 - Fadi Mohem @ 30 Years Time Warp, Mannheim, Germany","https://www.mixesdb.com/w/2024-04-05_-_Fadi_Mohem_@_30_Years_Time_Warp,_Mannheim,_Germany",,4,18,,?,?
"2024-04-05 - Fadi Mohem @ 30 Years Time Warp, Mannheim, Germany","https://www.mixesdb.com/w/2024-04-05_-_Fadi_Mohem_@_30_Years_Time_Warp,_Mannheim,_Germany",,5,23,Monobox,Realm 02 (Substance Remix) [Logistic],Monobox - Realm 02 (Substance Remix) [Logistic]
"2024-04-05 - Fadi Mohem @ 30 Years Time Warp, Mannheim, Germany","https://www.mixesdb.com/w/2024-04-05_-_Fadi_Mohem_@_30_Years_Time_Warp,_Mannheim,_Germany",,6,25,,?,?
"2024-04-05 - Fadi Mohem @ 30 Years Time Warp, Mannheim, Germany","https://www.mixesdb.com/w/2024-04-05_-_Fadi_Mohem_@_30_Years_Time_Warp,_Mannheim,_Germany",,7,??,,?,?
"2024-04-05 - Fadi Mohem @ 30 Years Time Warp, Mannheim, Germany","https://www.mixesdb.com/w/2024-04-05_-_Fadi_Mohem_@_30_Years_Time_Warp,_Mannheim,_Germany",,8,??,,?,?
"2024-04-05 - Fadi Mohem @ 30 Years Time Warp, Mannheim, Germany","https://www.mixesdb.com/w/2024-04-05_-_Fadi_Mohem_@_30_Years_Time_Warp,_Mannheim,_Germany",,9,??,,?,?
"2024-04-05 - Fadi Mohem @ 30 Years Time Warp, Mannheim, Germany","https://www.mixesdb.com/w/2024-04-05_-_Fadi_Mohem_@_30_Years_Time_Warp,_Mannheim,_Germany",,10,??,,?,?
"2024-04-05 - Fadi Mohem @ 30 Years Time Warp, Mannheim, Germany","https://www.mixesdb.com/w/2024-04-05_-_Fadi_Mohem_@_30_Years_Time_Warp,_Mannheim,_Germany",,11,??,,?,?
"2024-04-05 - Fadi Mohem @ 30 Years Time Warp, Mannheim, Germany","https://www.mixesdb.com/w/2024-04-05_-_Fadi_Mohem_@_30_Years_Time_Warp,_Mannheim,_Germany",,12,52,Deniro,Painting 3 [Tape],Deniro - Painting 3 [Tape]
"2024-04-05 - Fadi Mohem @ 30 Years Time Warp, Mannheim, Germany","https://www.mixesdb.com/w/2024-04-05_-_Fadi_Mohem_@_30_Years_Time_Warp,_Mannheim,_Germany",,13,60,Robert Hood,Realm,Robert Hood - Realm
"2024-04-05 - Fadi Mohem @ 30 Years Time Warp, Mannheim, Germany","https://www.mixesdb.com/w/2024-04-05_-_Fadi_Mohem_@_30_Years_Time_Warp,_Mannheim,_Germany",,14,65,,?,?
"2024-04-05 - Fadi Mohem @ 30 Years Time Warp, Mannheim, Germany","https://www.mixesdb.com/w/2024-04-05_-_Fadi_Mohem_@_30_Years_Time_Warp,_Mannheim,_Germany",,15,71,Rino Cerrone,Rilis 06 A1,Rino Cerrone - Rilis 06 A1
"2024-04-05 - Fadi Mohem @ 30 Years Time Warp, Mannheim, Germany","https://www.mixesdb.com/w/2024-04-05_-_Fadi_Mohem_@_30_Years_Time_Warp,_Mannheim,_Germany",,16,??,,?,?
"2024-04-05 - Fadi Mohem @ 30 Years Time Warp, Mannheim, Germany","https://www.mixesdb.com/w/2024-04-05_-_Fadi_Mohem_@_30_Years_Time_Warp,_Mannheim,_Germany",,17,??,,?,?
"2024-04-05 - Fadi Mohem @ 30 Years Time Warp, Mannheim, Germany","https://www.mixesdb.com/w/2024-04-05_-_Fadi_Mohem_@_30_Years_Time_Warp,_Mannheim,_Germany",,18,??,,?,?
"2024-06-02 - Fadi Mohem B2B Rødhåd @ 909 Festival, Amsterdamse Bos, NL","https://www.mixesdb.com/w/2024-06-02_-_Fadi_Mohem_B2B_R%C3%B8dh%C3%A5d_@_909_Festival,_Amsterdamse_Bos,_NL",YT Version,1,0:00:00,Choleric,In Half Light [HAYES],Choleric - In Half Light [HAYES]
"2024-06-02 - Fadi Mohem B2B Rødhåd @ 909 Festival, Amsterdamse Bos, NL","https://www.mixesdb.com/w/2024-06-02_-_Fadi_Mohem_B2B_R%C3%B8dh%C3%A5d_@_909_Festival,_Amsterdamse_Bos,_NL",YT Version,2,0:04:08,Mathys Lenne,Satellite [HAYES],Mathys Lenne - Satellite [HAYES]
"2024-06-02 - Fadi Mohem B2B Rødhåd @ 909 Festival, Amsterdamse Bos, NL","https://www.mixesdb.com/w/2024-06-02_-_Fadi_Mohem_B2B_R%C3%B8dh%C3%A5d_@_909_Festival,_Amsterdamse_Bos,_NL",YT Version,3,0:06:40,DJ Dextro,The Sound [Code],DJ Dextro - The Sound [Code]
"2024-06-02 - Fadi Mohem B2B Rødhåd @ 909 Festival, Amsterdamse Bos, NL","https://www.mixesdb.com/w/2024-06-02_-_Fadi_Mohem_B2B_R%C3%B8dh%C3%A5d_@_909_Festival,_Amsterdamse_Bos,_NL",YT Version,4,0:10:00,Juri Heidemann,Warus [Pengan],Juri Heidemann - Warus [Pengan]
"2024-06-02 - Fadi Mohem B2B Rødhåd @ 909 Festival, Amsterdamse Bos, NL","https://www.mixesdb.com/w/2024-06-02_-_Fadi_Mohem_B2B_R%C3%B8dh%C3%A5d_@_909_Festival,_Amsterdamse_Bos,_NL",YT Version,5,0:12:30,Alarico,Carnal Fever [Alarico],Alarico - Carnal Fever [Alarico]
"2024-06-02 - Fadi Mohem B2B Rødhåd @ 909 Festival, Amsterdamse Bos, NL","https://www.mixesdb.com/w/2024-06-02_-_Fadi_Mohem_B2B_R%C3%B8dh%C3%A5d_@_909_Festival,_Amsterdamse_Bos,_NL",YT Version,6,0:13:30,Kr!z,Nautilus [Token],Kr!z - Nautilus [Token]
"2024-06-02 - Fadi Mohem B2B Rødhåd @ 909 Festival, Amsterdamse Bos, NL","https://www.mixesdb.com/w/2024-06-02_-_Fadi_Mohem_B2B_R%C3%B8dh%C3%A5d_@_909_Festival,_Amsterdamse_Bos,_NL",YT Version,7,0:16:22,Jeroen Search,One Dimension [Syncrophone],Jeroen Search - One Dimension [Syncrophone]
"2024-06-02 - Fadi Mohem B2B Rødhåd @ 909 Festival, Amsterdamse Bos, NL","https://www.mixesdb.com/w/2024-06-02_-_Fadi_Mohem_B2B_R%C3%B8dh%C3%A5d_@_909_Festival,_Amsterdamse_Bos,_NL",YT Version,8,0:20:19,Stojche,Chordal Tribe [Fuse Imprint],Stojche - Chordal Tribe [Fuse Imprint]
"2024-06-02 - Fadi Mohem B2B Rødhåd @ 909 Festival, Amsterdamse Bos, NL","https://www.mixesdb.com/w/2024-06-02_-_Fadi_Mohem_B2B_R%C3%B8dh%C3%A5d_@_909_Festival,_Amsterdamse_Bos,_NL",YT Version,9,0:24:25,Vxlr,Upfront [Vxlr],Vxlr - Upfront [Vxlr]
"2024-06-02 - Fadi Mohem B2B Rødhåd @ 909 Festival, Amsterdamse Bos, NL","https://www.mixesdb.com/w/2024-06-02_-_Fadi_Mohem_B2B_R%C3%B8dh%C3%A5d_@_909_Festival,_Amsterdamse_Bos,_NL",YT Version,10,0:27:45,Vinicius Honorio,Rathma [Blueprint],Vinicius Honorio - Rathma [Blueprint]
"2024-06-02 - Fadi Mohem B2B Rødhåd @ 909 Festival, Amsterdamse Bos, NL","https://www.mixesdb.com/w/2024-06-02_-_Fadi_Mohem_B2B_R%C3%B8dh%C3%A5d_@_909_Festival,_Amsterdamse_Bos,_NL",YT Version,11,0:31:07,Linkan Ray,Slow Death [Be As One],Linkan Ray - Slow Death [Be As One]
"2024-06-02 - Fadi Mohem B2B Rødhåd @ 909 Festival, Amsterdamse Bos, NL","https://www.mixesdb.com/w/2024-06-02_-_Fadi_Mohem_B2B_R%C3%B8dh%C3%A5d_@_909_Festival,_Amsterdamse_Bos,_NL",YT Version,12,0:35:42,Inigo Kennedy,Mercurial Plains [Asymmetric],Inigo Kennedy - Mercurial Plains [Asymmetric]
"2024-06-02 - Fadi Mohem B2B Rødhåd @ 909 Festival, Amsterdamse Bos, NL","https://www.mixesdb.com/w/2024-06-02_-_Fadi_Mohem_B2B_R%C3%B8dh%C3%A5d_@_909_Festival,_Amsterdamse_Bos,_NL",YT Version,13,0:39:13,DJ Rush,Let Me Hear You [Rave The Planet],DJ Rush - Let Me Hear You [Rave The Planet]
"2024-06-02 - Fadi Mohem B2B Rødhåd @ 909 Festival, Amsterdamse Bos, NL","https://www.mixesdb.com/w/2024-06-02_-_Fadi_Mohem_B2B_R%C3%B8dh%C3%A5d_@_909_Festival,_Amsterdamse_Bos,_NL",YT Version,14,0:45:00,Christian Smith & John Selway,Blackout,Christian Smith & John Selway - Blackout
"2024-06-02 - Fadi Mohem B2B Rødhåd @ 909 Festival, Amsterdamse Bos, NL","https://www.mixesdb.com/w/2024-06-02_-_Fadi_Mohem_B2B_R%C3%B8dh%C3%A5d_@_909_Festival,_Amsterdamse_Bos,_NL",YT Version,15,0:48:54,Hans Bouffmyhre,The Wasp (The Southern Remix),Hans Bouffmyhre - The Wasp (The Southern Remix)
"2024-06-02 - Fadi Mohem B2B Rødhåd @ 909 Festival, Amsterdamse Bos, NL","https://www.mixesdb.com/w/2024-06-02_-_Fadi_Mohem_B2B_R%C3%B8dh%C3%A5d_@_909_Festival,_Amsterdamse_Bos,_NL",YT Version,16,0:51:11,Arkan,Submarine [Arkan],Arkan - Submarine [Arkan]
"2024-06-02 - Fadi Mohem B2B Rødhåd @ 909 Festival, Amsterdamse Bos, NL","https://www.mixesdb.com/w/2024-06-02_-_Fadi_Mohem_B2B_R%C3%B8dh%C3%A5d_@_909_Festival,_Amsterdamse_Bos,_NL",YT Version,17,0:55:50,Drumsauw & Unknown Code,Can You Hear [VIRGO],Drumsauw & Unknown Code - Can You Hear [VIRGO]
"2024-06-02 - Fadi Mohem B2B Rødhåd @ 909 Festival, Amsterdamse Bos, NL","https://www.mixesdb.com/w/2024-06-02_-_Fadi_Mohem_B2B_R%C3%B8dh%C3%A5d_@_909_Festival,_Amsterdamse_Bos,_NL",YT Version,18,0:59:38,Lewis Fautzi,Symptomatic (Rødhåd Remix),Lewis Fautzi - Symptomatic (Rødhåd Remix)
"2024-06-02 - Fadi Mohem B2B Rødhåd @ 909 Festival, Amsterdamse Bos, NL","https://www.mixesdb.com/w/2024-06-02_-_Fadi_Mohem_B2B_R%C3%B8dh%C3%A5d_@_909_Festival,_Amsterdamse_Bos,_NL",YT Version,19,1:02:00,Lewis Fautzi & Norbak,Code Of Deception,Lewis Fautzi & Norbak - Code Of Deception
"2024-06-02 - Fadi Mohem B2B Rødhåd @ 909 Festival, Amsterdamse Bos, NL","https://www.mixesdb.com/w/2024-06-02_-_Fadi_Mohem_B2B_R%C3%B8dh%C3%A5d_@_909_Festival,_Amsterdamse_Bos,_NL",YT Version,20,1:05:15,Audio Units,Numerical Stimuli,Audio Units - Numerical Stimuli
"2024-06-02 - Fadi Mohem B2B Rødhåd @ 909 Festival, Amsterdamse Bos, NL","https://www.mixesdb.com/w/2024-06-02_-_Fadi_Mohem_B2B_R%C3%B8dh%C3%A5d_@_909_Festival,_Amsterdamse_Bos,_NL",YT Version,21,1:07:18,A.Morgan,Feel [NewRhythmic],A.Morgan - Feel [NewRhythmic]
"2024-06-02 - Fadi Mohem B2B Rødhåd @ 909 Festival, Amsterdamse Bos, NL","https://www.mixesdb.com/w/2024-06-02_-_Fadi_Mohem_B2B_R%C3%B8dh%C3%A5d_@_909_Festival,_Amsterdamse_Bos,_NL",YT Version,22,1:11:40,Mode_1,Sigma [Dust In Grooves],Mode_1 - Sigma [Dust In Grooves]
"2024-06-02 - Fadi Mohem B2B Rødhåd @ 909 Festival, Amsterdamse Bos, NL","https://www.mixesdb.com/w/2024-06-02_-_Fadi_Mohem_B2B_R%C3%B8dh%C3%A5d_@_909_Festival,_Amsterdamse_Bos,_NL",YT Version,23,1:15:11,Robert Hood,Outsider [Robert Hood],Robert Hood - Outsider [Robert Hood]
"2024-06-02 - Fadi Mohem B2B Rødhåd @ 909 Festival, Amsterdamse Bos, NL","https://www.mixesdb.com/w/2024-06-02_-_Fadi_Mohem_B2B_R%C3%B8dh%C3%A5d_@_909_Festival,_Amsterdamse_Bos,_NL",YT Version,24,1:19:26,Roll Dann,That Will Never Happen [Roll Dann],Roll Dann - That Will Never Happen [Roll Dann]
"2024-06-02 - Fadi Mohem B2B Rødhåd @ 909 Festival, Amsterdamse Bos, NL","https://www.mixesdb.com/w/2024-06-02_-_Fadi_Mohem_B2B_R%C3%B8dh%C3%A5d_@_909_Festival,_Amsterdamse_Bos,_NL",YT Version,25,1:21:02,Jeff Mills,Berlin,Jeff Mills - Berlin
"2024-06-02 - Fadi Mohem B2B Rødhåd @ 909 Festival, Amsterdamse Bos, NL","https://www.mixesdb.com/w/2024-06-02_-_Fadi_Mohem_B2B_R%C3%B8dh%C3%A5d_@_909_Festival,_Amsterdamse_Bos,_NL",YT Version,26,1:24:14,Sev Dah,Izolacija,Sev Dah - Izolacija
"2024-06-02 - Fadi Mohem B2B Rødhåd @ 909 Festival, Amsterdamse Bos, NL","https://www.mixesdb.com/w/2024-06-02_-_Fadi_Mohem_B2B_R%C3%B8dh%C3%A5d_@_909_Festival,_Amsterdamse_Bos,_NL",YT Version,27,1:27:11,Saag,Deleite Matinal,Saag - Deleite Matinal
"2024-06-02 - Fadi Mohem B2B Rødhåd @ 909 Festival, Amsterdamse Bos, NL","https://www.mixesdb.com/w/2024-06-02_-_Fadi_Mohem_B2B_R%C3%B8dh%C3%A5d_@_909_Festival,_Amsterdamse_Bos,_NL",YT Version,28,1:29:15,Mathys Lenne,H23 [Saag],Mathys Lenne - H23 [Saag]
"2024-06-02 - Fadi Mohem B2B Rødhåd @ 909 Festival, Amsterdamse Bos, NL","https://www.mixesdb.com/w/2024-06-02_-_Fadi_Mohem_B2B_R%C3%B8dh%C3%A5d_@_909_Festival,_Amsterdamse_Bos,_NL",YT Version,29,1:32:15,Inigo Kennedy,Guiding Star [Asymmetric],Inigo Kennedy - Guiding Star [Asymmetric]
"2024-06-02 - Fadi Mohem B2B Rødhåd @ 909 Festival, Amsterdamse Bos, NL","https://www.mixesdb.com/w/2024-06-02_-_Fadi_Mohem_B2B_R%C3%B8dh%C3%A5d_@_909_Festival,_Amsterdamse_Bos,_NL",YT Version,30,1:34:42,Floorplan,Chord Principle [M-Plant],Floorplan - Chord Principle [M-Plant]
"2024-06-02 - Fadi Mohem B2B Rødhåd @ 909 Festival, Amsterdamse Bos, NL","https://www.mixesdb.com/w/2024-06-02_-_Fadi_Mohem_B2B_R%C3%B8dh%C3%A5d_@_909_Festival,_Amsterdamse_Bos,_NL",YT Version,31,1:37:20,Lars Huismann,Technician [Mutual Rytm],Lars Huismann - Technician [Mutual Rytm]
"2024-06-02 - Fadi Mohem B2B Rødhåd @ 909 Festival, Amsterdamse Bos, NL","https://www.mixesdb.com/w/2024-06-02_-_Fadi_Mohem_B2B_R%C3%B8dh%C3%A5d_@_909_Festival,_Amsterdamse_Bos,_NL",YT Version,32,1:41:50,Oscar Mulero,Flujo Fatal [PoleGroup],Oscar Mulero - Flujo Fatal [PoleGroup]
"2024-06-02 - Fadi Mohem B2B Rødhåd @ 909 Festival, Amsterdamse Bos, NL","https://www.mixesdb.com/w/2024-06-02_-_Fadi_Mohem_B2B_R%C3%B8dh%C3%A5d_@_909_Festival,_Amsterdamse_Bos,_NL",YT Version,33,1:45:07,Heiko Laux,Re-Televised [Kanzleramt Music],Heiko Laux - Re-Televised [Kanzleramt Music]
"2024-06-02 - Fadi Mohem B2B Rødhåd @ 909 Festival, Amsterdamse Bos, NL","https://www.mixesdb.com/w/2024-06-02_-_Fadi_Mohem_B2B_R%C3%B8dh%C3%A5d_@_909_Festival,_Amsterdamse_Bos,_NL",YT Version,34,1:47:00,Bjarki,Ping Pong Ball G*g (Chris Liebing Remix),Bjarki - Ping Pong Ball G*g (Chris Liebing Remix)
"2024-06-02 - Fadi Mohem B2B Rødhåd @ 909 Festival, Amsterdamse Bos, NL","https://www.mixesdb.com/w/2024-06-02_-_Fadi_Mohem_B2B_R%C3%B8dh%C3%A5d_@_909_Festival,_Amsterdamse_Bos,_NL",YT Version,35,1:??:??,+ Jon Hessell,Blues Nile,+ Jon Hessell - Blues Nile
"2024-06-02 - Fadi Mohem B2B Rødhåd @ 909 Festival, Amsterdamse Bos, NL","https://www.mixesdb.com/w/2024-06-02_-_Fadi_Mohem_B2B_R%C3%B8dh%C3%A5d_@_909_Festival,_Amsterdamse_Bos,_NL",YT Version,36,1:55:46,Phylyps,Trak II,Phylyps - Trak II
"2024-06-02 - Fadi Mohem B2B Rødhåd @ 909 Festival, Amsterdamse Bos, NL","https://www.mixesdb.com/w/2024-06-02_-_Fadi_Mohem_B2B_R%C3%B8dh%C3%A5d_@_909_Festival,_Amsterdamse_Bos,_NL",YT Version,37,1:59:36,Nastia Reigel,Chaotic [fabric],Nastia Reigel - Chaotic [fabric]
"2024-06-02 - Fadi Mohem B2B Rødhåd @ 909 Festival, Amsterdamse Bos, NL","https://www.mixesdb.com/w/2024-06-02_-_Fadi_Mohem_B2B_R%C3%B8dh%C3%A5d_@_909_Festival,_Amsterdamse_Bos,_NL",YT Version,38,2:01:48,Klint,Paris Tokyo,Klint - Paris Tokyo
"2024-06-02 - Fadi Mohem B2B Rødhåd @ 909 Festival, Amsterdamse Bos, NL","https://www.mixesdb.com/w/2024-06-02_-_Fadi_Mohem_B2B_R%C3%B8dh%C3%A5d_@_909_Festival,_Amsterdamse_Bos,_NL",YT Version,39,2:04:02,Dold,Smile,Dold - Smile
"2024-06-02 - Fadi Mohem B2B Rødhåd @ 909 Festival, Amsterdamse Bos, NL","https://www.mixesdb.com/w/2024-06-02_-_Fadi_Mohem_B2B_R%C3%B8dh%C3%A5d_@_909_Festival,_Amsterdamse_Bos,_NL",YT Version,40,2:07:15,Vivez,The Perfectionist's Lament [VIVEZ],Vivez - The Perfectionist's Lament [VIVEZ]
"2024-06-02 - Fadi Mohem B2B Rødhåd @ 909 Festival, Amsterdamse Bos, NL","https://www.mixesdb.com/w/2024-06-02_-_Fadi_Mohem_B2B_R%C3%B8dh%C3%A5d_@_909_Festival,_Amsterdamse_Bos,_NL",YT Version,41,2:10:51,Oscar Mulero,The Sweat And The Salt,Oscar Mulero - The Sweat And The Salt
"2024-06-02 - Fadi Mohem B2B Rødhåd @ 909 Festival, Amsterdamse Bos, NL","https://www.mixesdb.com/w/2024-06-02_-_Fadi_Mohem_B2B_R%C3%B8dh%C3%A5d_@_909_Festival,_Amsterdamse_Bos,_NL",YT Version,42,2:13:20,Fadi Mohem & Rødhåd,210407.2 [WSNWG],Fadi Mohem & Rødhåd - 210407.2 [WSNWG]
"2024-06-02 - Fadi Mohem B2B Rødhåd @ 909 Festival, Amsterdamse Bos, NL","https://www.mixesdb.com/w/2024-06-02_-_Fadi_Mohem_B2B_R%C3%B8dh%C3%A5d_@_909_Festival,_Amsterdamse_Bos,_NL",YT Version,43,2:18:30,Tensal,Eco 4,Tensal - Eco 4
"2024-06-02 - Fadi Mohem B2B Rødhåd @ 909 Festival, Amsterdamse Bos, NL","https://www.mixesdb.com/w/2024-06-02_-_Fadi_Mohem_B2B_R%C3%B8dh%C3%A5d_@_909_Festival,_Amsterdamse_Bos,_NL",YT Version,44,2:20:40,Lewis Fautzi,Total Absence [Lewis Fautzi],Lewis Fautzi - Total Absence [Lewis Fautzi]
"2024-06-02 - Fadi Mohem B2B Rødhåd @ 909 Festival, Amsterdamse Bos, NL","https://www.mixesdb.com/w/2024-06-02_-_Fadi_Mohem_B2B_R%C3%B8dh%C3%A5d_@_909_Festival,_Amsterdamse_Bos,_NL",YT Version,45,2:23:40,SAMA,Do You Love Me?,SAMA - Do You Love Me?
"2024-06-02 - Fadi Mohem B2B Rødhåd @ 909 Festival, Amsterdamse Bos, NL","https://www.mixesdb.com/w/2024-06-02_-_Fadi_Mohem_B2B_R%C3%B8dh%C3%A5d_@_909_Festival,_Amsterdamse_Bos,_NL",YT Version,46,2:26:30,Nørbak,Regra [Nørbak],Nørbak - Regra [Nørbak]
"2024-06-02 - Fadi Mohem B2B Rødhåd @ 909 Festival, Amsterdamse Bos, NL","https://www.mixesdb.com/w/2024-06-02_-_Fadi_Mohem_B2B_R%C3%B8dh%C3%A5d_@_909_Festival,_Amsterdamse_Bos,_NL",YT Version,47,2:30:33,Dispar Vulgo,Daydreams Of A Megalomaniac,Dispar Vulgo - Daydreams Of A Megalomaniac
"2024-06-02 - Fadi Mohem B2B Rødhåd @ 909 Festival, Amsterdamse Bos, NL","https://www.mixesdb.com/w/2024-06-02_-_Fadi_Mohem_B2B_R%C3%B8dh%C3%A5d_@_909_Festival,_Amsterdamse_Bos,_NL",YT Version,48,2:33:30,Havik,Unheard [Havik],Havik - Unheard [Havik]
"2024-06-02 - Fadi Mohem B2B Rødhåd @ 909 Festival, Amsterdamse Bos, NL","https://www.mixesdb.com/w/2024-06-02_-_Fadi_Mohem_B2B_R%C3%B8dh%C3%A5d_@_909_Festival,_Amsterdamse_Bos,_NL",YT Version,49,2:38:40,Tensal,Black Annis [Tensal],Tensal - Black Annis [Tensal]
"2024-06-02 - Fadi Mohem B2B Rødhåd @ 909 Festival, Amsterdamse Bos, NL","https://www.mixesdb.com/w/2024-06-02_-_Fadi_Mohem_B2B_R%C3%B8dh%C3%A5d_@_909_Festival,_Amsterdamse_Bos,_NL",YT Version,50,2:40:25,Roll Dann,Castanha [HAYES],Roll Dann - Castanha [HAYES]
"2024-06-02 - Fadi Mohem B2B Rødhåd @ 909 Festival, Amsterdamse Bos, NL","https://www.mixesdb.com/w/2024-06-02_-_Fadi_Mohem_B2B_R%C3%B8dh%C3%A5d_@_909_Festival,_Amsterdamse_Bos,_NL",YT Version,51,2:44:44,Aiken,Drive Unit,Aiken - Drive Unit
"2024-06-02 - Fadi Mohem B2B Rødhåd @ 909 Festival, Amsterdamse Bos, NL","https://www.mixesdb.com/w/2024-06-02_-_Fadi_Mohem_B2B_R%C3%B8dh%C3%A5d_@_909_Festival,_Amsterdamse_Bos,_NL",YT Version,52,2:48:20,Linear System,Comfort Zone [Molecular],Linear System - Comfort Zone [Molecular]
"2024-06-02 - Fadi Mohem B2B Rødhåd @ 909 Festival, Amsterdamse Bos, NL","https://www.mixesdb.com/w/2024-06-02_-_Fadi_Mohem_B2B_R%C3%B8dh%C3%A5d_@_909_Festival,_Amsterdamse_Bos,_NL",YT Version,53,2:52:30,Developer,Voodoo Hand,Developer - Voodoo Hand
"2024-06-02 - Fadi Mohem B2B Rødhåd @ 909 Festival, Amsterdamse Bos, NL","https://www.mixesdb.com/w/2024-06-02_-_Fadi_Mohem_B2B_R%C3%B8dh%C3%A5d_@_909_Festival,_Amsterdamse_Bos,_NL",YT Version,54,2:55:43,Uvall & Rødhåd,Kinva 01 [240209.2],Uvall & Rødhåd - Kinva 01 [240209.2]
"2024-06-02 - Fadi Mohem B2B Rødhåd @ 909 Festival, Amsterdamse Bos, NL","https://www.mixesdb.com/w/2024-06-02_-_Fadi_Mohem_B2B_R%C3%B8dh%C3%A5d_@_909_Festival,_Amsterdamse_Bos,_NL",YT Version,55,3:00:38,Rødhåd,Fever Fm [Fuse Imprint],Rødhåd - Fever Fm [Fuse Imprint]
"2024-06-02 - Fadi Mohem B2B Rødhåd @ 909 Festival, Amsterdamse Bos, NL","https://www.mixesdb.com/w/2024-06-02_-_Fadi_Mohem_B2B_R%C3%B8dh%C3%A5d_@_909_Festival,_Amsterdamse_Bos,_NL",YT Version,56,3:03:25,Robert Armani,Ambulance,Robert Armani - Ambulance
"2024-06-02 - Fadi Mohem B2B Rødhåd @ 909 Festival, Amsterdamse Bos, NL","https://www.mixesdb.com/w/2024-06-02_-_Fadi_Mohem_B2B_R%C3%B8dh%C3%A5d_@_909_Festival,_Amsterdamse_Bos,_NL",YT Version,57,3:06:20,Amotik,Ikat [AMOTIK],Amotik - Ikat [AMOTIK]
"2024-06-02 - Fadi Mohem B2B Rødhåd @ 909 Festival, Amsterdamse Bos, NL","https://www.mixesdb.com/w/2024-06-02_-_Fadi_Mohem_B2B_R%C3%B8dh%C3%A5d_@_909_Festival,_Amsterdamse_Bos,_NL",YT Version,58,3:09:25,Obscure Shape,Tsubasa [Mitsubasa],Obscure Shape - Tsubasa [Mitsubasa]
"2024-06-02 - Fadi Mohem B2B Rødhåd @ 909 Festival, Amsterdamse Bos, NL","https://www.mixesdb.com/w/2024-06-02_-_Fadi_Mohem_B2B_R%C3%B8dh%C3%A5d_@_909_Festival,_Amsterdamse_Bos,_NL",YT Version,59,3:11:40,Holden Federico,Steep [SK_eleven],Holden Federico - Steep [SK_eleven]
