part,position,timestamp,artist,title,raw
Part 1,1,00:00,2000 and One,Tropical Melons,2000 and One - Tropical Melons
Part 1,2,01:00,Guy Gerber And Shlomi Aber,Sea Of Sand,Guy Gerber And Shlomi Aber - Sea Of Sand
Part 1,3,07:30,Grindvik,Monuments,Grindvik - Monuments
Part 1,4,15:00,Dan Curtin,Echozeichen EP (Someone Else Remix),Dan Curtin - Echozeichen EP (Someone Else Remix)
Part 1,5,17:30,Ryan Crosson,Hopskotch,Ryan Crosson - Hopskotch
Part 1,6,33:00,Dario Zenker,Felder,Dario Zenker - Felder
Part 1,7,37:00,Sweet N Candy,Tackywakeup (Marek Hemmann Remix),Sweet N Candy - Tackywakeup (Marek Hemmann Remix)
Part 1,8,40:30,Seph,Bats,Seph - Bats
Part 1,9,46:00,Grindvik,Mnemonic,Grindvik - Mnemonic
Part 1,10,4?:??,Thomas P. Heckmann,Back Up,Thomas P. Heckmann - Back Up
Part 2,1,06:00,Audion,Just Fucking (Roman Flügel 23 Positions Mix),Audion - Just Fucking (Roman Flügel 23 Positions Mix)
Part 2,2,14:00,Martin Landsky,Flutes,Martin Landsky - Flutes
Part 2,3,21:00,T.P. Heckmann,?,T.P. Heckmann - ?
Part 2,4,36:00,Marc Houle,Bay Of Figs,Marc Houle - Bay Of Figs
Part 2,5,47:00,Matt Star,Balztanz Der Schwingungen,Matt Star - Balztanz Der Schwingungen
Part 3,1,11:30,Seph,Ivil,Seph - Ivil
Part 3,2,25:00,Heckmann & Henze,Out Of Mind 2006,Heckmann & Henze - Out Of Mind 2006
Part 3,3,30:00,System 7,Alphawave (Plastikman Remix),System 7 - Alphawave (Plastikman Remix)
Part 3,4,37:00,Audion,Mouth To Mouth,Audion - Mouth To Mouth
Part 3,5,48:00,Âme,Rej,Âme - Rej
